first_name,last_name,email,age
Mathew,Wardley,mwardley0@wordpress.com,17
Teriann,Kochl,tkochl1@shinystat.com,16
Carolin,Geffe,cgeffe2@nhs.uk,17
Jackqueline,Quarry,jquarry3@marriott.com,19
Obadiah,Jervis,ojervis4@bbb.org,16
Timmi,Fischer,tfischer5@joomla.org,17
Chrysler,Pelos,cpelos6@hp.com,14
Bobinette,Fantin,bfantin7@wired.com,16
Val,Bycraft,vbycraft8@bravesites.com,18
Paige,Gayforth,pgayforth9@seattletimes.com,19
Othilia,Cline,oclinea@ezinearticles.com,17
Nerty,Leele,nleeleb@google.it,18
Wilie,Gillhespy,wgillhespyc@cdc.gov,15
Margarita,Kee,mkeed@weebly.com,17
Raddy,Huff,rhuffe@chronoengine.com,14
Matthus,Haugg,mhauggf@dion.ne.jp,18
Kirsti,Hacquard,khacquardg@elegantthemes.com,15
Job,Boards,jboardsh@abc.net.au,17
Sharai,Hawkin,shawkini@google.com,17
Iago,Onraet,ionraetj@ustream.tv,15
Val,Bycraft,vbycraft8@bravesites.com,18
Margarita,Kee,mkeed@weebly.com,17
Thomas,Fischer,tfischer5@joomla.org,16
Rob,Boards,jboardsh@abc.net.au,17